Date,Temp_Max_C,Temp_Mean_C,Precip_mm,Source
2026-05-01,29.3,23.9,0.0,Open-Meteo ERA5 Reanalysis (ECMWF)
2026-05-02,29.5,25.5,12.1,Open-Meteo ERA5 Reanalysis (ECMWF)
2026-05-03,27.9,24.7,36.0,Open-Meteo ERA5 Reanalysis (ECMWF)
2026-05-04,28.7,22.9,15.2,Open-Meteo ERA5 Reanalysis (ECMWF)
2026-05-05,29.9,24.6,0.0,Open-Meteo ERA5 Reanalysis (ECMWF)
2026-05-06,30.0,26.1,0.1,Open-Meteo ERA5 Reanalysis (ECMWF)
2026-05-07,31.4,26.5,7.0,Open-Meteo ERA5 Reanalysis (ECMWF)
2026-05-08,29.4,25.5,10.4,Open-Meteo ERA5 Reanalysis (ECMWF)
2026-05-09,29.0,25.0,0.8,Open-Meteo ERA5 Reanalysis (ECMWF)
2026-05-10,29.6,25.2,0.0,Open-Meteo ERA5 Reanalysis (ECMWF)
2026-05-11,31.8,26.9,1.5,Open-Meteo ERA5 Reanalysis (ECMWF)
2026-05-12,32.3,27.2,1.1,Open-Meteo ERA5 Reanalysis (ECMWF)
2026-05-13,32.4,28.5,1.2,Open-Meteo ERA5 Reanalysis (ECMWF)
2026-05-14,34.6,29.9,0.0,Open-Meteo ERA5 Reanalysis (ECMWF)
2026-05-15,34.6,30.3,0.1,Open-Meteo ERA5 Reanalysis (ECMWF)
2026-05-16,32.5,28.3,7.5,Open-Meteo ERA5 Reanalysis (ECMWF)
2026-05-17,29.6,26.6,12.6,Open-Meteo ERA5 Reanalysis (ECMWF)
2026-05-18,30.8,26.7,17.0,Open-Meteo ERA5 Reanalysis (ECMWF)
2026-05-19,32.3,27.2,23.1,Open-Meteo ERA5 Reanalysis (ECMWF)
2026-05-20,29.8,26.7,24.5,Open-Meteo ERA5 Reanalysis (ECMWF)
2026-05-21,30.9,26.7,46.8,Open-Meteo ERA5 Reanalysis (ECMWF)
2026-05-22,32.0,28.8,3.8,Open-Meteo ERA5 Reanalysis (ECMWF)
2026-05-23,35.1,31.0,0.0,Open-Meteo ERA5 Reanalysis (ECMWF)
2026-05-24,35.5,31.7,0.0,Open-Meteo ERA5 Reanalysis (ECMWF)
2026-05-25,36.1,32.3,0.0,Open-Meteo ERA5 Reanalysis (ECMWF)
2026-05-26,36.2,32.4,0.0,Open-Meteo ERA5 Reanalysis (ECMWF)
2026-05-27,37.0,32.2,0.0,Open-Meteo ERA5 Reanalysis (ECMWF)
2026-05-28,34.0,30.3,1.1,Open-Meteo ERA5 Reanalysis (ECMWF)
2026-05-29,33.4,29.4,2.2,Open-Meteo ERA5 Reanalysis (ECMWF)
2026-05-30,32.9,28.4,6.3,Open-Meteo ERA5 Reanalysis (ECMWF)
2026-05-31,33.2,29.1,0.6,Open-Meteo ERA5 Reanalysis (ECMWF)
2026-06-01,34.6,30.0,0.0,Open-Meteo ERA5 Reanalysis (ECMWF)
2026-06-02,34.5,30.1,0.1,Open-Meteo ERA5 Reanalysis (ECMWF)
2026-06-03,33.9,29.9,4.4,Open-Meteo ERA5 Reanalysis (ECMWF)
2026-06-04,35.8,29.1,13.6,Open-Meteo ERA5 Reanalysis (ECMWF)
2026-06-05,30.8,27.9,3.4,Open-Meteo ERA5 Reanalysis (ECMWF)
2026-06-06,34.3,30.3,9.6,Open-Meteo ERA5 Reanalysis (ECMWF)
2026-06-07,35.5,31.8,0.2,Open-Meteo ERA5 Reanalysis (ECMWF)
2026-06-08,34.7,30.0,2.9,Open-Meteo ERA5 Reanalysis (ECMWF)
2026-06-09,28.6,25.6,1.0,Open-Meteo ERA5 Reanalysis (ECMWF)
2026-06-10,31.6,27.3,1.2,Open-Meteo ERA5 Reanalysis (ECMWF)
2026-06-11,31.3,27.4,2.3,Open-Meteo ERA5 Reanalysis (ECMWF)
2026-06-12,32.3,28.5,0.6,Open-Meteo ERA5 Reanalysis (ECMWF)
2026-06-13,33.9,30.1,0.3,Open-Meteo ERA5 Reanalysis (ECMWF)
2026-06-14,34.2,30.6,0.9,Open-Meteo ERA5 Reanalysis (ECMWF)
2026-06-15,33.3,28.3,17.9,Open-Meteo ERA5 Reanalysis (ECMWF)
2026-06-16,31.1,27.8,15.3,Open-Meteo ERA5 Reanalysis (ECMWF)
2026-06-17,32.5,27.9,28.9,Open-Meteo ERA5 Reanalysis (ECMWF)
2026-06-18,32.9,29.4,10.2,Open-Meteo ERA5 Reanalysis (ECMWF)
2026-06-19,32.3,30.1,0.2,Open-Meteo ERA5 Reanalysis (ECMWF)
2026-06-20,33.8,30.6,0.4,Open-Meteo ERA5 Reanalysis (ECMWF)
2026-06-21,33.5,29.8,5.5,Open-Meteo ERA5 Reanalysis (ECMWF)
2026-06-22,33.8,30.1,0.0,Open-Meteo ERA5 Reanalysis (ECMWF)
2026-06-23,34.7,31.4,0.1,Open-Meteo ERA5 Reanalysis (ECMWF)
2026-06-24,35.5,31.8,0.0,Open-Meteo ERA5 Reanalysis (ECMWF)
2026-06-25,35.6,31.1,0.1,Open-Meteo ERA5 Reanalysis (ECMWF)
2026-06-26,30.2,27.8,5.4,Open-Meteo ERA5 Reanalysis (ECMWF)
2026-06-27,31.8,28.1,10.3,Open-Meteo ERA5 Reanalysis (ECMWF)
2026-06-28,32.1,28.4,15.7,Open-Meteo ERA5 Reanalysis (ECMWF)
2026-06-29,30.2,27.5,13.2,Open-Meteo ERA5 Reanalysis (ECMWF)
2026-06-30,30.7,26.8,19.7,Open-Meteo ERA5 Reanalysis (ECMWF)
2026-07-01,31.6,27.4,11.7,Open-Meteo ERA5 Reanalysis (ECMWF)
2026-07-02,31.7,28.3,3.4,Open-Meteo ERA5 Reanalysis (ECMWF)
2026-07-03,30.5,27.9,11.0,Open-Meteo ERA5 Reanalysis (ECMWF)
2026-07-04,30.6,27.4,13.5,Open-Meteo ERA5 Reanalysis (ECMWF)
2026-07-05,28.7,26.7,25.0,Open-Meteo ERA5 Reanalysis (ECMWF)
2026-07-06,31.9,28.0,6.1,Open-Meteo ERA5 Reanalysis (ECMWF)
2026-07-07,32.5,28.3,5.1,Open-Meteo ERA5 Reanalysis (ECMWF)
2026-07-08,32.5,27.3,7.4,Open-Meteo ERA5 Reanalysis (ECMWF)
2026-07-09,30.2,26.8,27.3,Open-Meteo ERA5 Reanalysis (ECMWF)
2026-07-10,31.9,27.7,6.5,Open-Meteo ERA5 Reanalysis (ECMWF)
2026-07-11,31.9,28.5,3.4,Open-Meteo ERA5 Reanalysis (ECMWF)
2026-07-12,32.9,29.0,2.6,Open-Meteo ERA5 Reanalysis (ECMWF)
2026-07-13,33.1,29.0,2.2,Open-Meteo ERA5 Reanalysis (ECMWF)
2026-07-14,34.3,29.4,0.5,Open-Meteo ERA5 Reanalysis (ECMWF)
2026-07-15,33.2,29.3,2.9,Open-Meteo ERA5 Reanalysis (ECMWF)
2026-07-16,32.4,29.1,3.7,Open-Meteo ERA5 Reanalysis (ECMWF)
2026-07-17,32.5,29.0,2.4,Open-Meteo ERA5 Reanalysis (ECMWF)
2026-07-18,34.0,30.1,1.8,Open-Meteo ERA5 Reanalysis (ECMWF)
2026-07-19,31.7,27.8,13.8,Open-Meteo ERA5 Reanalysis (ECMWF)
2026-07-20,31.9,28.2,1.2,Open-Meteo ERA5 Reanalysis (ECMWF)
2026-07-21,30.1,27.7,15.8,Open-Meteo ERA5 Reanalysis (ECMWF)
2026-07-22,32.1,28.6,2.4,Open-Meteo ERA5 Reanalysis (ECMWF)
2026-07-23,31.7,27.4,5.4,Open-Meteo ERA5 Reanalysis (ECMWF)
2026-07-24,31.2,27.3,5.3,Open-Meteo ERA5 Reanalysis (ECMWF)
2026-07-25,32.4,28.3,2.0,Open-Meteo ERA5 Reanalysis (ECMWF)
2026-07-26,34.0,29.8,0.0,Open-Meteo ERA5 Reanalysis (ECMWF)
2026-07-27,32.5,28.5,8.0,Open-Meteo ERA5 Reanalysis (ECMWF)
2026-07-28,30.0,27.2,12.3,Open-Meteo ERA5 Reanalysis (ECMWF)
2026-07-29,31.6,27.4,5.9,Open-Meteo ERA5 Reanalysis (ECMWF)
2026-07-30,30.4,26.5,11.0,Open-Meteo ERA5 Reanalysis (ECMWF)
2026-07-31,29.8,26.5,13.2,Open-Meteo ERA5 Reanalysis (ECMWF)
